Date_Key,Product_Key,Channel_Key,Geo_Key,Units_Sold,Discount_Pct,Revenue
103,2,3,4,2,0,1398.0
349,4,3,4,3,0,1797.0
271,4,3,1,2,0,1198.0
107,3,1,4,2,0,2398.0
72,4,1,4,2,0,1198.0
189,1,1,2,4,5,3796.2
21,1,1,3,2,15,1698.3
103,1,1,4,3,0,2997.0
122,1,1,5,1,10,899.1
215,2,2,4,2,10,1258.2
331,5,2,1,3,0,4497.0
88,1,1,1,2,15,1698.3
100,1,2,1,1,5,949.05
360,2,1,4,3,0,2097.0
152,5,1,2,3,10,4047.3
131,1,2,5,1,0,999.0
150,2,2,4,3,10,1887.3
309,1,2,2,1,0,999.0
258,1,1,2,3,10,2697.3
344,5,3,4,3,5,4272.15
294,5,2,4,1,5,1424.05
192,1,2,2,1,0,999.0
277,5,2,2,3,10,4047.3
161,3,3,2,3,10,3237.3
314,4,2,4,1,5,569.05
22,2,2,2,4,5,2656.2
253,2,3,1,1,5,664.05
236,2,2,4,3,15,1782.45
345,3,1,1,3,5,3417.1499999999996
49,1,2,3,3,10,2697.3
59,1,1,4,1,10,899.1
170,1,1,3,3,5,2847.15
188,4,2,2,4,0,2396.0
271,1,3,2,2,5,1898.1
190,3,3,5,4,10,4316.400000000001
175,5,1,2,1,0,1499.0
51,1,2,3,3,5,2847.15
364,3,1,2,1,10,1079.1000000000001
55,2,3,4,2,0,1398.0
244,4,3,2,1,5,569.05
320,1,2,5,3,0,2997.0
131,3,3,2,2,0,2398.0
307,4,2,3,2,10,1078.2
135,5,2,3,3,0,4497.0
21,3,1,2,3,0,3597.0
329,2,2,3,3,15,1782.45
167,3,2,3,1,0,1199.0
274,4,2,5,4,15,2036.6
89,3,1,4,1,15,1019.15
316,1,3,5,1,0,999.0
14,5,1,1,4,0,5996.0
242,3,2,5,3,10,3237.3
265,3,2,2,3,5,3417.1499999999996
346,1,2,4,4,0,3996.0
53,3,2,2,4,10,4316.400000000001
340,2,1,1,1,0,699.0
92,3,1,4,2,15,2038.3
264,1,2,3,4,0,3996.0
35,3,2,5,1,0,1199.0
206,5,1,2,2,0,2998.0
81,1,2,1,3,15,2547.45
50,5,2,3,3,10,4047.3
360,2,2,5,1,10,629.1
2,4,3,3,1,0,599.0
54,4,1,5,4,0,2396.0
106,3,1,4,3,0,3597.0
260,4,2,3,1,5,569.05
310,4,2,3,3,5,1707.1499999999999
191,2,2,3,3,5,1992.1499999999999
218,1,3,4,4,0,3996.0
44,3,3,1,2,15,2038.3
162,4,3,5,4,0,2396.0
202,4,2,3,1,15,509.15
270,4,2,4,4,0,2396.0
351,2,1,1,4,5,2656.2
304,4,1,5,3,0,1797.0
271,1,2,4,4,5,3796.2
215,2,1,5,1,5,664.05
252,1,3,3,2,5,1898.1
190,1,2,1,4,5,3796.2
296,2,2,4,4,10,2516.4
213,2,1,1,2,10,1258.2
208,3,1,3,1,10,1079.1000000000001
237,2,1,1,1,0,699.0
338,2,1,1,4,5,2656.2
53,1,1,2,3,5,2847.15
280,2,2,1,4,0,2796.0
217,1,3,5,2,5,1898.1
252,1,3,4,2,0,1998.0
188,3,2,2,2,0,2398.0
41,3,1,4,4,0,4796.0
157,3,3,4,4,0,4796.0
15,2,3,3,1,10,629.1
301,2,1,3,3,10,1887.3
65,4,2,2,4,15,2036.6
345,2,1,3,1,10,629.1
327,2,3,3,4,0,2796.0
9,1,3,3,1,15,849.15
344,1,1,4,1,15,849.15
129,2,3,2,3,5,1992.1499999999999
136,2,2,4,4,5,2656.2
63,3,3,5,1,15,1019.15
139,2,2,4,2,5,1328.1
81,3,3,5,2,15,2038.3
163,4,1,1,2,0,1198.0
289,4,1,1,3,0,1797.0
261,4,1,5,1,5,569.05
231,5,3,5,3,5,4272.15
41,1,3,4,4,10,3596.4
28,1,3,5,4,15,3396.6
135,1,3,2,1,0,999.0
201,3,1,1,2,0,2398.0
328,4,1,1,1,10,539.1
268,1,1,5,1,5,949.05
33,5,1,3,1,0,1499.0
48,1,1,3,3,5,2847.15
62,5,2,5,4,10,5396.400000000001
216,2,1,2,1,10,629.1
293,1,1,3,1,5,949.05
99,2,1,5,1,0,699.0
172,1,1,2,3,15,2547.45
360,1,3,2,3,10,2697.3
214,1,2,4,3,5,2847.15
35,4,3,2,1,0,599.0
227,2,1,3,2,10,1258.2
101,1,1,3,2,0,1998.0
131,3,2,5,2,0,2398.0
257,4,1,5,4,5,2276.2
5,1,1,2,1,0,999.0
218,2,1,1,2,5,1328.1
255,1,1,4,2,0,1998.0
359,1,1,1,2,10,1798.2
283,3,1,2,1,0,1199.0
207,1,2,2,2,0,1998.0
15,2,1,1,2,0,1398.0
346,4,1,4,1,15,509.15
42,1,3,1,4,15,3396.6
179,3,1,5,3,0,3597.0
63,1,1,3,2,10,1798.2
352,5,3,5,3,5,4272.15
231,2,1,3,4,15,2376.6
241,4,1,2,4,0,2396.0
52,3,2,4,2,10,2158.2000000000003
96,1,1,1,1,0,999.0
222,3,2,4,4,0,4796.0
231,5,3,1,3,15,3822.45
237,3,1,5,3,5,3417.1499999999996
143,4,2,5,3,0,1797.0
171,4,2,1,3,0,1797.0
29,1,1,4,4,10,3596.4
36,1,2,1,2,5,1898.1
13,3,1,2,2,0,2398.0
160,2,2,5,3,15,1782.45
327,4,1,2,2,0,1198.0
187,5,2,5,3,0,4497.0
243,2,1,5,3,15,1782.45
86,1,3,3,1,0,999.0
284,4,1,2,4,0,2396.0
66,1,1,2,4,5,3796.2
170,4,2,3,3,10,1617.3
45,2,2,4,4,0,2796.0
62,3,2,2,2,15,2038.3
134,1,2,1,3,10,2697.3
284,3,2,3,1,0,1199.0
28,2,3,2,2,10,1258.2
108,3,1,4,1,0,1199.0
44,1,2,2,1,5,949.05
340,4,3,5,4,10,2156.4
286,4,3,1,4,15,2036.6
331,1,3,3,3,0,2997.0
128,1,1,5,4,5,3796.2
348,1,1,4,1,5,949.05
231,3,2,5,1,0,1199.0
190,3,2,5,2,0,2398.0
225,2,2,4,1,0,699.0
283,1,2,5,3,10,2697.3
121,2,3,3,3,5,1992.1499999999999
116,3,1,2,4,0,4796.0
233,2,3,5,4,10,2516.4
259,5,1,3,4,10,5396.400000000001
359,1,1,2,3,5,2847.15
198,3,2,2,1,0,1199.0
137,2,2,5,4,5,2656.2
318,2,1,3,2,0,1398.0
165,4,1,5,4,0,2396.0
225,3,3,4,3,10,3237.3
307,5,1,2,4,0,5996.0
234,1,2,5,1,0,999.0
172,1,2,2,4,0,3996.0
152,4,2,3,3,0,1797.0
315,3,2,1,3,0,3597.0
160,1,1,5,2,15,1698.3
96,1,2,5,3,0,2997.0
233,1,1,2,2,0,1998.0
180,4,2,3,1,0,599.0
113,1,1,4,3,15,2547.45
318,1,2,3,4,5,3796.2
52,1,1,5,1,0,999.0
268,2,1,4,4,15,2376.6
295,1,1,3,4,0,3996.0
113,2,1,1,4,0,2796.0
101,1,3,2,1,0,999.0
113,4,1,3,1,0,599.0
81,1,3,3,3,0,2997.0
187,2,3,1,4,10,2516.4
113,4,2,5,2,0,1198.0
2,3,1,2,3,5,3417.1499999999996
130,2,1,3,1,0,699.0
220,1,2,4,2,0,1998.0
54,1,1,3,1,5,949.05
343,3,1,2,2,15,2038.3
224,5,2,3,3,0,4497.0
225,3,3,1,2,10,2158.2000000000003
126,3,2,3,3,0,3597.0
130,4,1,3,1,0,599.0
53,2,2,4,2,0,1398.0
172,1,1,1,4,0,3996.0
218,3,1,1,4,0,4796.0
160,5,3,3,1,0,1499.0
198,1,1,4,2,10,1798.2
247,3,1,3,4,0,4796.0
324,1,1,3,3,5,2847.15
203,2,3,2,2,0,1398.0
184,1,2,2,2,5,1898.1
123,2,2,4,4,5,2656.2
255,4,2,5,3,0,1797.0
294,1,1,2,3,0,2997.0
280,3,2,5,3,10,3237.3
325,4,1,1,2,15,1018.3
98,5,1,2,1,0,1499.0
198,1,2,2,2,0,1998.0
240,2,3,4,2,15,1188.3
144,1,1,5,4,0,3996.0
97,5,1,2,1,5,1424.05
201,5,1,2,3,0,4497.0
124,2,1,4,4,0,2796.0
187,4,3,4,2,5,1138.1
326,2,2,5,1,5,664.05
349,3,2,1,3,0,3597.0
259,1,2,1,3,5,2847.15
148,4,1,3,2,10,1078.2
252,1,2,2,3,5,2847.15
346,4,1,5,3,0,1797.0
147,4,2,2,1,5,569.05
148,4,3,5,4,10,2156.4
352,1,2,5,1,10,899.1
199,1,1,5,4,5,3796.2
308,1,3,2,4,0,3996.0
128,2,1,4,4,10,2516.4
39,1,1,2,3,10,2697.3
338,5,1,5,1,0,1499.0
360,3,1,3,3,5,3417.1499999999996
129,1,2,1,2,0,1998.0
267,2,2,5,1,10,629.1
151,2,3,3,4,0,2796.0
298,3,2,4,3,5,3417.1499999999996
99,2,2,5,3,15,1782.45
263,5,1,3,1,10,1349.1000000000001
252,2,1,5,1,15,594.15
144,5,2,2,4,15,5096.599999999999
346,4,1,3,4,0,2396.0
112,1,3,2,2,5,1898.1
60,5,1,2,4,5,5696.2
2,1,1,3,3,15,2547.45
304,4,1,1,2,0,1198.0
254,2,1,3,2,15,1188.3
140,4,1,1,2,5,1138.1
37,4,2,5,1,10,539.1
160,4,1,5,4,0,2396.0
9,4,2,3,2,0,1198.0
233,1,1,5,1,10,899.1
99,1,1,4,1,0,999.0
147,2,1,2,2,10,1258.2
304,1,3,2,2,0,1998.0
208,3,1,1,3,10,3237.3
131,1,2,5,2,0,1998.0
152,5,1,1,3,5,4272.15
54,3,2,2,2,10,2158.2000000000003
120,4,1,2,2,0,1198.0
161,1,2,5,4,0,3996.0
116,4,2,4,2,0,1198.0
75,5,3,4,2,5,2848.1
113,2,1,5,3,5,1992.1499999999999
104,3,1,5,3,10,3237.3
340,4,1,1,4,5,2276.2
254,1,3,5,2,5,1898.1
227,2,2,4,2,0,1398.0
112,2,2,5,3,0,2097.0
99,1,1,1,1,0,999.0
153,2,1,1,1,15,594.15
349,1,1,1,1,15,849.15
366,1,3,1,3,0,2997.0
338,1,2,3,3,5,2847.15
194,5,3,5,1,10,1349.1000000000001
310,2,1,2,1,5,664.05
163,5,2,5,2,0,2998.0
208,2,2,3,3,0,2097.0
169,1,1,1,3,5,2847.15
161,2,3,3,1,15,594.15
68,2,3,4,1,10,629.1
289,1,3,4,4,0,3996.0
277,3,2,5,3,0,3597.0
304,1,1,5,4,10,3596.4
135,3,1,2,2,10,2158.2000000000003
195,3,3,2,4,5,4556.2
128,1,1,4,1,5,949.05
33,1,2,1,3,0,2997.0
176,4,2,3,3,10,1617.3
22,2,2,2,4,10,2516.4
238,1,3,2,4,0,3996.0
158,5,1,1,2,10,2698.2000000000003
38,1,1,1,2,0,1998.0
230,3,1,5,1,0,1199.0
365,5,1,3,1,0,1499.0
51,1,1,1,1,0,999.0
264,1,1,2,4,0,3996.0
283,1,3,2,4,5,3796.2
27,1,3,4,3,5,2847.15
226,1,1,1,1,5,949.05
277,3,1,5,4,0,4796.0
286,1,3,3,3,0,2997.0
97,2,1,5,1,5,664.05
284,5,1,2,2,0,2998.0
317,4,1,5,2,0,1198.0
304,3,2,2,4,15,4076.6
147,1,1,2,3,10,2697.3
4,3,3,2,2,15,2038.3
35,2,1,2,3,5,1992.1499999999999
192,2,2,2,3,0,2097.0
49,1,1,4,2,10,1798.2
17,4,2,5,3,0,1797.0
172,2,2,4,2,5,1328.1
220,1,2,4,4,0,3996.0
158,2,2,1,1,10,629.1
46,2,2,1,1,0,699.0
6,4,3,1,4,15,2036.6
99,4,3,3,2,15,1018.3
233,4,2,1,2,5,1138.1
37,1,1,5,2,10,1798.2
280,2,1,4,2,5,1328.1
349,2,1,5,4,10,2516.4
302,1,2,1,1,5,949.05
181,1,1,3,3,10,2697.3
95,4,1,3,3,5,1707.1499999999999
99,1,3,4,1,15,849.15
188,2,3,5,4,5,2656.2
116,1,3,2,3,5,2847.15
191,1,1,5,1,10,899.1
253,1,2,1,4,10,3596.4
161,5,1,2,3,5,4272.15
256,4,1,3,2,0,1198.0
323,5,1,4,2,5,2848.1
128,2,1,4,4,15,2376.6
18,1,1,3,2,10,1798.2
281,2,3,1,4,10,2516.4
223,2,1,3,1,0,699.0
54,4,2,1,1,5,569.05
58,1,2,2,3,5,2847.15
323,2,1,3,4,10,2516.4
360,1,2,1,3,0,2997.0
174,1,1,2,3,15,2547.45
280,4,2,3,1,5,569.05
114,2,1,4,3,0,2097.0
288,2,1,3,2,0,1398.0
342,2,1,5,3,0,2097.0
151,2,2,3,4,5,2656.2
127,4,3,5,2,0,1198.0
155,4,1,2,1,0,599.0
273,5,2,3,4,10,5396.400000000001
104,4,2,2,2,0,1198.0
299,1,3,2,4,0,3996.0
246,3,3,1,2,5,2278.1
176,2,2,2,4,5,2656.2
39,1,2,2,4,10,3596.4
170,4,3,3,2,5,1138.1
247,1,1,3,1,10,899.1
26,5,1,4,1,5,1424.05
355,2,1,1,4,0,2796.0
306,3,3,2,4,0,4796.0
13,3,3,1,1,5,1139.05
316,4,1,5,1,0,599.0
313,3,2,2,3,10,3237.3
36,3,2,1,1,5,1139.05
173,1,1,4,4,0,3996.0
20,2,3,4,2,0,1398.0
321,1,1,2,1,0,999.0
264,4,1,5,3,5,1707.1499999999999
142,2,2,4,3,5,1992.1499999999999
143,3,2,4,3,5,3417.1499999999996
92,1,1,5,2,0,1998.0
354,1,2,1,1,10,899.1
322,4,2,4,1,15,509.15
288,1,1,3,1,0,999.0
215,1,1,4,2,5,1898.1
342,1,2,1,2,15,1698.3
51,5,1,1,4,0,5996.0
153,4,3,2,3,5,1707.1499999999999
186,2,3,3,3,0,2097.0
63,1,3,1,1,5,949.05
190,1,1,5,2,0,1998.0
125,4,3,3,2,15,1018.3
150,3,1,3,1,10,1079.1000000000001
314,1,1,5,1,10,899.1
58,1,1,4,4,10,3596.4
342,1,1,5,3,5,2847.15
305,3,2,5,3,5,3417.1499999999996
180,4,2,4,3,15,1527.45
170,1,1,4,4,15,3396.6
326,1,2,4,1,5,949.05
271,1,1,4,1,15,849.15
54,5,2,4,3,5,4272.15
101,1,1,5,3,5,2847.15
264,4,3,2,4,5,2276.2
53,3,3,2,2,0,2398.0
60,2,2,1,2,0,1398.0
108,1,1,2,3,0,2997.0
5,1,1,2,4,5,3796.2
103,3,3,5,3,0,3597.0
196,4,1,4,2,5,1138.1
262,3,1,4,3,15,3057.45
365,2,1,5,2,0,1398.0
350,1,2,2,2,5,1898.1
47,5,2,5,2,0,2998.0
355,4,3,1,1,0,599.0
311,1,1,4,1,10,899.1
308,5,1,3,3,5,4272.15
144,3,3,1,2,10,2158.2000000000003
269,3,3,1,1,0,1199.0
124,4,1,5,3,5,1707.1499999999999
106,4,2,2,3,0,1797.0
158,3,1,4,3,0,3597.0
147,1,3,3,3,0,2997.0
145,1,1,1,3,0,2997.0
120,5,3,3,4,0,5996.0
319,1,2,2,2,0,1998.0
275,2,2,2,3,15,1782.45
92,2,1,3,4,0,2796.0
58,2,2,4,2,0,1398.0
346,3,1,2,1,0,1199.0
229,5,1,3,3,5,4272.15
117,1,2,1,4,0,3996.0
318,1,3,3,1,15,849.15
279,1,2,3,4,15,3396.6
127,4,2,5,2,0,1198.0
129,3,1,2,2,5,2278.1
58,1,1,4,1,0,999.0
122,4,1,4,4,5,2276.2
1,4,2,5,3,5,1707.1499999999999
239,4,3,4,3,0,1797.0
290,5,2,3,1,0,1499.0
96,1,1,5,1,10,899.1
126,4,1,1,1,5,569.05
118,2,2,2,4,0,2796.0
48,4,1,2,3,10,1617.3
89,4,3,2,3,5,1707.1499999999999
237,4,3,3,3,15,1527.45
272,3,2,1,1,0,1199.0
189,1,1,5,3,10,2697.3
192,2,1,5,2,10,1258.2
69,5,1,2,1,0,1499.0
278,5,1,1,3,10,4047.3
349,1,1,1,4,5,3796.2
247,1,2,1,1,15,849.15
76,1,2,4,2,0,1998.0
154,4,1,4,2,5,1138.1
144,4,1,2,4,0,2396.0
86,1,1,1,4,15,3396.6
185,2,1,1,1,0,699.0
285,4,3,5,1,15,509.15
220,4,1,5,2,15,1018.3
69,2,1,2,4,0,2796.0
47,3,1,1,1,10,1079.1000000000001
94,2,3,2,2,15,1188.3
238,1,2,5,4,0,3996.0
204,3,1,5,2,5,2278.1
218,3,2,4,3,5,3417.1499999999996
341,4,2,2,4,0,2396.0
39,3,3,2,1,0,1199.0
100,4,1,1,1,0,599.0
289,1,3,1,3,0,2997.0
254,2,3,4,4,5,2656.2
222,1,3,3,2,0,1998.0
357,1,2,3,1,15,849.15
23,4,2,3,3,10,1617.3
250,5,1,2,3,0,4497.0
10,1,2,2,4,10,3596.4
246,2,2,5,4,10,2516.4
325,4,2,2,1,15,509.15
100,1,1,2,3,0,2997.0
290,3,2,2,2,0,2398.0
180,4,3,4,3,15,1527.45
223,3,1,2,2,15,2038.3
250,1,3,1,2,10,1798.2
147,2,2,1,1,10,629.1
96,4,3,5,3,0,1797.0
257,3,1,4,2,5,2278.1
325,1,1,1,4,0,3996.0
4,4,3,4,2,0,1198.0
16,1,1,4,4,10,3596.4
280,4,3,5,4,0,2396.0
336,1,2,4,3,5,2847.15
247,5,2,2,4,15,5096.599999999999
258,2,1,4,2,0,1398.0
160,1,2,5,4,15,3396.6
340,1,1,5,3,15,2547.45
152,1,1,5,1,5,949.05
178,4,1,1,2,0,1198.0
163,5,1,2,2,0,2998.0
33,2,3,1,3,5,1992.1499999999999
179,2,3,3,3,0,2097.0
101,4,1,2,3,0,1797.0
268,4,2,4,3,15,1527.45
323,3,1,5,2,0,2398.0
65,2,2,3,1,10,629.1
168,2,3,2,4,0,2796.0
330,3,3,1,4,5,4556.2
43,1,1,5,1,15,849.15
44,3,2,1,1,0,1199.0
285,2,1,2,1,0,699.0
12,4,3,2,3,10,1617.3
95,1,1,3,2,10,1798.2
302,3,2,4,2,10,2158.2000000000003
253,2,2,1,2,0,1398.0
242,3,2,3,3,0,3597.0
35,1,1,5,2,15,1698.3
215,3,3,4,3,15,3057.45
337,3,1,3,2,5,2278.1
90,3,2,1,1,10,1079.1000000000001
264,3,1,2,4,5,4556.2
93,3,1,5,4,5,4556.2
90,4,2,1,3,0,1797.0
115,1,1,4,2,5,1898.1
105,4,1,4,4,5,2276.2
196,2,1,2,1,0,699.0
314,1,1,2,1,5,949.05
114,1,2,5,1,10,899.1
75,1,3,5,3,10,2697.3
217,4,1,2,3,5,1707.1499999999999
277,4,1,2,2,15,1018.3
249,4,1,4,1,0,599.0
164,2,1,2,2,5,1328.1
357,2,2,3,2,10,1258.2
192,1,2,1,1,5,949.05
227,1,1,2,2,0,1998.0
177,2,1,5,4,0,2796.0
99,1,1,3,3,15,2547.45
36,1,3,5,2,5,1898.1
96,3,3,3,1,15,1019.15
152,4,1,2,3,5,1707.1499999999999
151,5,1,1,3,10,4047.3
190,5,3,5,2,10,2698.2000000000003
224,3,3,3,4,10,4316.400000000001
37,2,1,4,2,0,1398.0
268,3,1,2,4,5,4556.2
183,4,1,1,3,10,1617.3
13,1,2,2,2,0,1998.0
279,2,1,4,1,0,699.0
217,4,1,1,2,0,1198.0
355,2,2,4,4,15,2376.6
361,3,1,2,4,0,4796.0
286,3,2,3,2,5,2278.1
273,1,1,2,4,5,3796.2
62,2,1,2,3,5,1992.1499999999999
84,1,2,2,2,10,1798.2
217,1,1,5,4,0,3996.0
342,1,3,4,2,5,1898.1
187,4,2,4,2,10,1078.2
19,1,1,4,1,10,899.1
177,2,2,5,2,0,1398.0
100,1,1,3,1,15,849.15
233,5,3,2,4,10,5396.400000000001
76,1,1,3,1,15,849.15
265,2,2,5,1,5,664.05
284,4,1,4,1,5,569.05
206,4,1,2,3,15,1527.45
223,1,3,1,1,15,849.15
52,4,3,1,2,5,1138.1
339,2,1,3,1,0,699.0
144,2,1,4,2,0,1398.0
69,1,3,1,1,0,999.0
99,1,3,3,3,0,2997.0
25,4,1,5,4,0,2396.0
53,2,2,3,1,15,594.15
151,2,1,3,1,0,699.0
144,4,3,3,3,10,1617.3
57,4,1,2,1,0,599.0
39,1,1,3,2,0,1998.0
109,3,2,3,1,0,1199.0
181,1,1,2,1,0,999.0
42,4,2,2,4,10,2156.4
186,3,1,5,4,15,4076.6
223,5,1,4,1,0,1499.0
122,1,1,1,3,5,2847.15
133,1,2,1,4,5,3796.2
163,1,1,3,1,15,849.15
215,1,2,5,4,10,3596.4
221,1,3,3,1,5,949.05
235,5,2,1,4,10,5396.400000000001
331,1,1,2,4,10,3596.4
146,1,1,4,2,0,1998.0
239,4,1,5,1,5,569.05
76,2,1,2,1,15,594.15
9,4,1,4,1,10,539.1
74,1,2,5,1,5,949.05
253,2,1,5,4,5,2656.2
230,1,1,1,2,0,1998.0
7,1,1,2,2,5,1898.1
174,5,2,5,3,10,4047.3
141,1,1,5,1,5,949.05
168,2,2,4,3,10,1887.3
170,2,1,1,4,15,2376.6
283,1,3,3,3,0,2997.0
122,4,3,1,1,5,569.05
194,1,1,3,2,5,1898.1
5,3,1,2,2,10,2158.2000000000003
29,5,1,2,1,0,1499.0
165,3,1,5,4,5,4556.2
339,5,2,2,1,15,1274.1499999999999
136,1,3,5,4,5,3796.2
365,2,2,1,2,15,1188.3
321,1,3,2,4,15,3396.6
342,4,1,1,1,0,599.0
145,5,1,1,1,0,1499.0
327,1,2,2,1,15,849.15
217,3,1,1,4,15,4076.6
301,1,2,2,4,0,3996.0
132,3,1,2,4,0,4796.0
292,2,1,2,2,0,1398.0
70,5,3,3,3,15,3822.45
252,3,1,1,3,0,3597.0
275,1,3,4,1,5,949.05
364,1,3,2,2,10,1798.2
182,1,2,1,4,0,3996.0
167,1,2,5,1,5,949.05
91,1,2,2,2,0,1998.0
202,4,3,2,1,15,509.15
346,3,1,4,2,0,2398.0
19,2,2,3,2,10,1258.2
39,1,2,3,3,10,2697.3
126,4,1,2,1,0,599.0
173,4,1,1,4,0,2396.0
141,1,1,5,3,5,2847.15
242,4,2,5,3,0,1797.0
220,2,3,1,4,10,2516.4
126,1,1,2,2,10,1798.2
58,2,3,5,4,5,2656.2
148,2,2,3,1,5,664.05
317,1,3,1,4,5,3796.2
361,5,2,4,2,10,2698.2000000000003
1,4,2,2,4,5,2276.2
348,3,1,1,2,0,2398.0
190,2,3,5,2,0,1398.0
191,2,1,2,1,5,664.05
312,3,3,3,4,5,4556.2
117,2,3,2,4,5,2656.2
134,1,1,2,1,0,999.0
58,2,1,3,2,10,1258.2
44,4,2,3,4,0,2396.0
173,2,1,2,1,0,699.0
160,1,3,3,2,5,1898.1
173,4,1,1,1,0,599.0
317,1,1,3,4,5,3796.2
303,1,3,3,1,0,999.0
149,1,2,2,3,5,2847.15
80,1,3,1,2,5,1898.1
213,4,1,4,3,0,1797.0
203,2,2,4,3,0,2097.0
252,1,2,5,2,15,1698.3
229,4,2,3,2,5,1138.1
164,4,2,3,1,5,569.05
227,4,2,1,2,0,1198.0
147,1,1,4,3,5,2847.15
20,2,1,5,3,5,1992.1499999999999
47,5,2,1,4,5,5696.2
233,4,1,3,2,10,1078.2
305,1,2,4,3,0,2997.0
14,1,1,5,4,0,3996.0
143,2,2,2,4,10,2516.4
1,5,2,4,1,15,1274.1499999999999
54,2,1,5,3,0,2097.0
259,2,1,1,1,5,664.05
144,1,1,2,3,0,2997.0
12,3,2,5,1,0,1199.0
330,4,3,5,1,0,599.0
224,2,1,3,2,0,1398.0
272,4,2,4,1,10,539.1
358,5,1,3,2,5,2848.1
156,1,2,2,4,0,3996.0
8,2,3,5,3,0,2097.0
122,1,1,3,4,10,3596.4
348,4,2,4,3,0,1797.0
164,3,1,2,4,5,4556.2
90,3,1,1,3,0,3597.0
136,4,1,3,1,5,569.05
186,2,1,2,3,0,2097.0
316,5,2,1,3,0,4497.0
178,2,1,3,4,0,2796.0
28,1,2,2,4,0,3996.0
220,3,1,2,4,5,4556.2
357,4,1,3,2,10,1078.2
41,1,2,2,2,0,1998.0
228,4,3,5,3,0,1797.0
192,5,1,3,3,5,4272.15
145,1,3,2,1,5,949.05
201,5,2,1,1,15,1274.1499999999999
212,1,2,1,3,5,2847.15
220,1,2,5,2,5,1898.1
240,1,1,3,3,5,2847.15
46,4,1,2,1,15,509.15
35,3,2,2,2,10,2158.2000000000003
253,1,1,1,2,0,1998.0
82,2,3,5,1,0,699.0
256,3,1,1,3,0,3597.0
197,1,1,1,4,5,3796.2
303,4,2,5,3,10,1617.3
10,4,1,3,3,5,1707.1499999999999
312,2,2,2,1,0,699.0
286,5,2,3,2,10,2698.2000000000003
242,2,3,4,1,10,629.1
251,5,2,4,3,0,4497.0
365,3,2,4,4,10,4316.400000000001
5,3,2,5,4,5,4556.2
119,1,3,1,4,15,3396.6
289,4,1,3,1,10,539.1
65,2,1,2,2,5,1328.1
146,1,1,4,1,10,899.1
224,1,1,3,4,15,3396.6
239,3,2,4,3,5,3417.1499999999996
177,2,2,4,2,0,1398.0
267,4,2,2,1,10,539.1
341,4,1,5,1,0,599.0
282,1,2,1,2,0,1998.0
63,4,1,5,2,15,1018.3
217,1,2,3,3,10,2697.3
342,4,2,5,2,5,1138.1
315,4,1,3,3,0,1797.0
283,2,1,3,4,0,2796.0
177,4,1,1,4,0,2396.0
98,1,3,2,1,0,999.0
105,2,3,1,4,10,2516.4
99,4,2,5,4,0,2396.0
311,2,1,3,3,5,1992.1499999999999
6,2,1,4,1,0,699.0
197,2,2,4,2,15,1188.3
351,4,2,3,1,0,599.0
133,1,1,1,4,0,3996.0
358,1,1,2,2,0,1998.0
259,4,2,1,1,5,569.05
23,4,1,3,1,5,569.05
53,1,1,3,1,5,949.05
165,1,1,2,1,5,949.05
202,1,2,5,3,0,2997.0
83,1,3,5,1,5,949.05
145,2,3,2,4,5,2656.2
85,4,2,5,4,0,2396.0
78,3,2,4,3,0,3597.0
366,3,1,5,2,0,2398.0
1,2,2,5,2,0,1398.0
51,4,1,5,4,5,2276.2
173,2,2,4,4,0,2796.0
205,5,1,5,3,0,4497.0
260,3,1,4,2,0,2398.0
288,1,1,2,2,15,1698.3
34,3,1,1,1,15,1019.15
348,1,1,2,1,0,999.0
95,3,1,1,1,0,1199.0
72,1,3,2,3,0,2997.0
39,1,1,1,4,5,3796.2
154,4,2,1,3,0,1797.0
250,1,3,3,2,10,1798.2
162,4,3,1,4,5,2276.2
118,1,2,1,1,15,849.15
259,3,3,3,3,0,3597.0
306,3,1,5,3,10,3237.3
268,2,1,5,1,10,629.1
54,1,1,3,3,0,2997.0
236,1,2,4,1,0,999.0
222,1,2,1,2,0,1998.0
251,1,1,1,4,0,3996.0
313,3,1,3,2,0,2398.0
112,5,2,3,2,5,2848.1
255,4,1,4,1,5,569.05
303,4,2,5,3,15,1527.45
207,4,2,2,2,0,1198.0
229,3,2,5,2,15,2038.3
341,1,2,1,2,0,1998.0
66,5,3,3,3,10,4047.3
75,3,2,4,3,0,3597.0
103,3,2,5,1,0,1199.0
192,1,2,4,2,15,1698.3
252,2,1,5,4,0,2796.0
226,2,1,1,3,10,1887.3
294,4,1,2,1,5,569.05
306,2,1,4,2,5,1328.1
98,2,2,4,4,5,2656.2
338,5,3,2,3,10,4047.3
286,1,1,4,4,0,3996.0
335,2,1,4,3,10,1887.3
347,1,3,5,1,15,849.15
308,4,1,5,4,0,2396.0
249,5,2,2,2,0,2998.0
166,1,2,1,2,10,1798.2
335,4,2,4,3,5,1707.1499999999999
30,1,1,1,2,5,1898.1
247,5,1,2,4,0,5996.0
106,4,1,2,1,5,569.05
51,4,2,5,3,0,1797.0
81,1,2,4,4,5,3796.2
133,5,1,3,3,10,4047.3
285,4,2,2,1,0,599.0
138,1,3,4,3,5,2847.15
184,4,1,1,2,15,1018.3
330,1,2,5,2,10,1798.2
273,4,2,1,3,10,1617.3
340,1,1,2,1,5,949.05
69,4,1,2,1,10,539.1
34,2,2,1,2,0,1398.0
262,1,3,2,1,0,999.0
53,1,3,4,3,0,2997.0
205,1,2,2,4,5,3796.2
126,2,2,5,3,10,1887.3
235,1,1,4,2,0,1998.0
43,3,2,3,2,10,2158.2000000000003
240,1,2,2,2,10,1798.2
111,1,1,2,1,5,949.05
249,4,2,5,3,0,1797.0
151,1,2,5,4,5,3796.2
183,5,1,1,3,0,4497.0
336,4,3,1,4,0,2396.0
95,3,1,1,3,15,3057.45
8,3,1,5,2,0,2398.0
360,4,1,1,4,0,2396.0
184,1,2,1,3,15,2547.45
281,1,2,3,1,0,999.0
195,1,1,1,1,10,899.1
352,4,2,2,3,0,1797.0
195,1,1,5,2,0,1998.0
155,3,2,4,4,0,4796.0
93,5,2,3,3,0,4497.0
160,4,1,5,1,5,569.05
61,2,3,5,4,10,2516.4
122,1,1,2,1,5,949.05
51,4,1,1,1,15,509.15
277,3,2,2,3,0,3597.0
5,1,3,1,1,5,949.05
92,1,1,1,4,5,3796.2
170,5,1,5,2,15,2548.2999999999997
317,3,1,1,3,0,3597.0
22,4,2,3,4,5,2276.2
326,4,1,3,3,15,1527.45
1,3,2,3,1,0,1199.0
133,2,3,5,1,15,594.15
233,2,2,2,4,0,2796.0
12,1,1,4,4,10,3596.4
346,2,1,1,2,15,1188.3
46,4,1,4,4,10,2156.4
34,3,3,2,4,5,4556.2
78,4,1,2,3,0,1797.0
218,2,1,5,1,15,594.15
301,3,2,3,4,5,4556.2
73,3,1,3,2,0,2398.0
282,3,2,2,4,10,4316.400000000001
249,4,1,5,1,5,569.05
47,1,3,5,4,0,3996.0
121,2,3,1,3,0,2097.0
214,1,2,3,1,0,999.0
239,2,3,2,4,5,2656.2
56,2,1,4,3,5,1992.1499999999999
350,3,2,3,1,5,1139.05
107,5,2,1,4,10,5396.400000000001
319,3,2,5,3,15,3057.45
48,4,1,2,2,5,1138.1
61,2,1,3,3,0,2097.0
337,3,1,4,2,10,2158.2000000000003
26,1,1,1,4,5,3796.2
292,1,1,1,3,5,2847.15
257,2,2,3,2,5,1328.1
8,2,1,4,1,0,699.0
113,1,1,1,3,15,2547.45
355,1,2,2,4,0,3996.0
253,1,2,1,1,10,899.1
180,5,3,4,2,0,2998.0
207,1,2,5,3,15,2547.45
303,2,1,5,3,0,2097.0
127,1,3,3,4,0,3996.0
56,3,2,4,1,0,1199.0
214,1,1,1,3,0,2997.0
14,1,2,1,3,0,2997.0
28,2,3,5,1,5,664.05
78,1,1,5,3,5,2847.15
216,1,1,2,1,0,999.0
365,1,1,5,1,0,999.0
154,1,1,2,1,10,899.1
14,1,1,1,4,10,3596.4
187,1,2,2,1,10,899.1
312,4,1,2,1,10,539.1
7,3,3,3,2,0,2398.0
3,2,2,5,2,0,1398.0
111,1,2,2,4,0,3996.0
238,5,3,1,1,10,1349.1000000000001
363,2,1,4,2,15,1188.3
239,1,2,2,2,5,1898.1
274,3,2,5,3,0,3597.0
294,1,3,3,1,0,999.0
227,1,2,1,2,0,1998.0
15,2,1,3,4,5,2656.2
192,4,3,4,3,0,1797.0
119,2,1,2,3,15,1782.45
28,4,3,2,1,0,599.0
202,5,3,5,1,15,1274.1499999999999
39,1,1,2,3,10,2697.3
273,1,2,1,4,10,3596.4
231,2,1,4,1,5,664.05
86,2,1,3,1,5,664.05
126,2,2,4,3,5,1992.1499999999999
300,5,2,2,3,5,4272.15
25,4,3,3,1,5,569.05
145,3,2,5,2,15,2038.3
13,1,2,4,1,10,899.1
212,4,3,3,2,10,1078.2
25,5,3,3,3,15,3822.45
68,4,1,3,2,0,1198.0
67,1,3,1,4,0,3996.0
233,3,1,4,3,5,3417.1499999999996
109,1,3,3,1,5,949.05
146,1,1,4,1,10,899.1
111,1,1,3,3,5,2847.15
228,3,1,5,3,5,3417.1499999999996
111,3,2,5,4,5,4556.2
34,1,1,5,3,0,2997.0
111,2,1,2,1,5,664.05
264,2,2,3,4,10,2516.4
236,2,3,2,1,0,699.0
83,1,1,4,2,5,1898.1
42,2,1,2,3,5,1992.1499999999999
101,4,1,4,2,0,1198.0
6,1,1,4,1,0,999.0
180,1,3,4,2,15,1698.3
282,2,3,2,2,0,1398.0
320,5,2,3,1,0,1499.0
226,3,1,2,1,0,1199.0
315,3,2,3,3,10,3237.3
365,2,2,3,2,5,1328.1
229,3,3,4,4,5,4556.2
289,1,2,2,4,0,3996.0
150,3,2,3,1,15,1019.15
277,5,2,5,1,0,1499.0
198,3,1,3,2,0,2398.0
70,4,3,5,1,5,569.05
112,4,2,2,4,0,2396.0
4,1,2,2,3,15,2547.45
350,5,1,2,3,15,3822.45
331,1,2,3,2,0,1998.0
318,2,2,1,3,15,1782.45
350,1,1,3,1,10,899.1
95,1,1,3,1,15,849.15
152,2,2,4,1,0,699.0
311,1,2,4,1,5,949.05
137,2,2,3,2,0,1398.0
247,3,1,5,3,10,3237.3
243,1,2,4,4,0,3996.0
31,1,1,3,3,5,2847.15
40,3,1,1,1,0,1199.0
229,1,1,5,4,0,3996.0
36,4,1,2,2,5,1138.1
223,3,1,3,1,15,1019.15
6,4,1,3,1,5,569.05
322,3,1,5,4,15,4076.6
220,2,1,4,2,0,1398.0
75,3,2,4,4,5,4556.2
4,1,2,4,2,5,1898.1
335,1,1,2,1,0,999.0
134,4,3,5,3,5,1707.1499999999999
118,2,1,5,1,10,629.1
94,4,2,4,3,5,1707.1499999999999
62,4,1,4,3,10,1617.3
194,4,1,1,2,5,1138.1
335,5,2,1,4,0,5996.0
203,2,2,3,2,0,1398.0
26,1,3,3,1,5,949.05
173,3,2,5,4,0,4796.0
300,2,3,5,3,0,2097.0
133,3,1,2,3,5,3417.1499999999996
326,4,1,2,1,5,569.05
118,3,1,1,4,0,4796.0
324,2,1,3,1,10,629.1
275,1,2,1,1,5,949.05
212,2,2,1,2,0,1398.0
225,1,1,3,1,10,899.1
20,4,3,2,4,5,2276.2
113,1,3,3,1,5,949.05
140,1,1,4,4,5,3796.2
47,1,1,4,3,0,2997.0
1,3,1,4,1,10,1079.1000000000001
90,3,1,5,4,0,4796.0
142,1,1,2,3,15,2547.45
320,1,2,2,4,10,3596.4
38,2,1,5,3,5,1992.1499999999999
293,1,1,1,2,0,1998.0
139,3,3,4,1,0,1199.0
356,3,2,4,1,0,1199.0
333,2,3,1,3,5,1992.1499999999999
259,1,1,3,2,0,1998.0
161,5,1,3,4,5,5696.2
178,2,2,2,2,0,1398.0
10,3,1,5,4,15,4076.6
261,1,1,2,4,0,3996.0
138,2,2,3,1,15,594.15
172,1,2,1,3,15,2547.45
13,2,1,2,1,5,664.05
168,5,2,4,1,10,1349.1000000000001
130,2,1,4,1,5,664.05
84,1,1,1,4,5,3796.2
321,1,1,3,1,0,999.0
319,2,1,4,4,0,2796.0
101,1,1,4,3,5,2847.15
329,1,3,5,4,5,3796.2
273,4,2,2,4,5,2276.2
265,2,2,3,2,0,1398.0
38,1,1,2,1,0,999.0
94,5,1,3,1,0,1499.0
95,1,1,4,1,0,999.0
305,5,1,5,1,0,1499.0
69,1,1,2,2,0,1998.0
318,4,2,4,2,0,1198.0
236,3,2,3,2,10,2158.2000000000003
334,4,2,2,2,0,1198.0
137,5,2,2,1,10,1349.1000000000001
76,1,3,4,4,0,3996.0
35,5,1,2,3,15,3822.45
1,2,1,5,2,5,1328.1
296,2,1,5,4,0,2796.0
320,1,2,4,2,5,1898.1
60,2,3,3,1,0,699.0
320,1,1,4,1,5,949.05
349,3,3,5,4,0,4796.0
328,2,3,1,4,15,2376.6
267,4,1,1,4,5,2276.2
361,4,1,2,1,0,599.0
229,2,1,2,1,10,629.1
270,1,3,1,3,0,2997.0
316,1,1,5,4,10,3596.4
286,1,2,2,3,5,2847.15
291,1,1,4,2,10,1798.2
213,1,2,4,3,0,2997.0
165,1,1,5,2,10,1798.2
5,5,2,2,2,10,2698.2000000000003
339,3,3,4,3,0,3597.0
78,1,3,2,4,0,3996.0
62,3,3,2,2,0,2398.0
132,1,1,4,4,15,3396.6
89,2,2,1,1,0,699.0
237,3,1,4,2,5,2278.1
42,2,1,5,1,0,699.0
89,2,2,3,3,0,2097.0
296,5,1,4,4,5,5696.2
328,4,2,2,3,15,1527.45
295,3,3,2,2,5,2278.1
104,3,1,4,1,10,1079.1000000000001
14,3,2,3,2,5,2278.1
288,1,1,4,3,0,2997.0
179,2,1,3,4,0,2796.0
125,1,1,3,4,5,3796.2
353,2,3,5,2,15,1188.3
23,2,3,2,2,15,1188.3
63,1,3,2,1,0,999.0
143,5,3,3,3,0,4497.0
153,5,1,2,2,0,2998.0
145,4,1,1,1,15,509.15
225,2,2,3,2,15,1188.3
309,4,2,2,4,10,2156.4
104,1,1,1,1,0,999.0
104,4,1,5,1,5,569.05
39,1,2,2,2,5,1898.1
198,4,2,1,3,0,1797.0
134,1,1,4,4,5,3796.2
67,4,2,4,3,0,1797.0
179,5,2,1,1,0,1499.0
42,1,2,3,3,15,2547.45
15,2,1,3,1,10,629.1
111,5,2,2,3,5,4272.15
157,2,1,4,2,5,1328.1
289,4,1,3,3,0,1797.0
231,3,2,3,1,10,1079.1000000000001
157,2,2,4,4,10,2516.4
38,1,1,5,4,10,3596.4
97,1,2,3,4,10,3596.4
289,4,2,1,1,0,599.0
254,2,2,2,3,0,2097.0
196,2,2,3,4,5,2656.2
86,2,2,3,4,0,2796.0
322,3,2,5,4,10,4316.400000000001
10,4,1,1,2,0,1198.0
5,5,1,2,1,0,1499.0
123,2,1,3,1,0,699.0
330,4,2,2,1,15,509.15
353,4,2,4,1,0,599.0
118,3,1,3,1,5,1139.05
294,5,1,3,2,5,2848.1
159,1,2,4,3,0,2997.0
303,1,1,5,2,5,1898.1
228,4,2,3,4,10,2156.4
365,2,1,2,2,5,1328.1
216,4,2,1,1,15,509.15
184,4,3,2,2,0,1198.0
15,1,1,5,1,0,999.0
157,4,2,1,2,15,1018.3
136,2,1,2,1,0,699.0
261,2,2,2,4,5,2656.2
157,3,2,4,1,10,1079.1000000000001
47,5,1,5,2,0,2998.0
324,1,2,4,4,10,3596.4
332,2,3,1,2,0,1398.0
173,3,1,4,4,0,4796.0
130,4,1,5,3,0,1797.0
95,3,3,3,3,10,3237.3
115,1,2,3,3,0,2997.0
243,1,3,1,2,10,1798.2
292,2,2,3,2,15,1188.3
282,4,3,4,4,5,2276.2
299,1,1,1,4,5,3796.2
283,1,2,5,4,5,3796.2
69,5,3,1,4,0,5996.0
148,1,2,1,1,5,949.05
11,5,1,2,3,5,4272.15
254,3,1,2,1,15,1019.15
330,4,1,1,1,15,509.15
360,1,1,3,1,15,849.15
38,1,1,2,1,15,849.15
134,4,2,5,3,5,1707.1499999999999
200,4,2,4,1,10,539.1
23,4,1,2,4,15,2036.6
303,1,2,1,2,0,1998.0
346,4,1,3,4,15,2036.6
302,4,1,4,2,5,1138.1
363,3,1,2,4,5,4556.2
218,4,2,3,4,10,2156.4
141,4,1,3,2,15,1018.3
104,3,1,3,3,0,3597.0
210,1,1,1,1,10,899.1
111,2,3,5,4,5,2656.2
104,1,1,3,3,0,2997.0
316,2,2,4,1,10,629.1
171,2,2,2,3,5,1992.1499999999999
356,1,2,4,3,10,2697.3
324,1,3,1,1,0,999.0
133,1,1,1,4,5,3796.2
293,4,1,4,3,5,1707.1499999999999
328,5,3,5,4,5,5696.2
127,1,2,1,4,0,3996.0
106,5,2,1,4,15,5096.599999999999
92,2,2,4,1,5,664.05
287,1,2,1,2,10,1798.2
51,1,3,5,4,5,3796.2
29,2,3,5,2,0,1398.0
296,4,2,5,2,5,1138.1
297,4,1,2,3,5,1707.1499999999999
214,1,3,5,4,5,3796.2
267,1,1,5,4,5,3796.2
257,2,1,2,4,5,2656.2
302,1,3,3,2,0,1998.0
101,1,1,1,1,5,949.05
346,1,1,5,2,0,1998.0
110,4,1,1,4,0,2396.0
182,5,3,4,4,15,5096.599999999999
313,2,2,1,4,5,2656.2
1,5,2,2,2,10,2698.2000000000003
319,1,1,1,4,5,3796.2
55,2,2,1,3,15,1782.45
149,1,2,1,4,5,3796.2
309,3,1,3,1,10,1079.1000000000001
137,5,1,3,3,0,4497.0
202,3,1,4,4,15,4076.6
313,2,3,2,3,10,1887.3
117,3,2,1,4,15,4076.6
154,1,3,1,1,0,999.0
291,4,1,1,4,0,2396.0
63,2,2,1,3,0,2097.0
244,2,2,3,1,0,699.0
25,3,2,4,2,15,2038.3
90,3,3,5,1,0,1199.0
75,1,1,2,1,0,999.0
294,3,1,1,1,0,1199.0
210,1,2,4,3,0,2997.0
347,4,2,5,1,0,599.0
17,4,2,4,4,10,2156.4
128,4,1,3,1,5,569.05
364,3,2,5,1,0,1199.0
251,2,1,4,4,5,2656.2
179,1,1,3,4,5,3796.2
182,4,2,4,2,0,1198.0
152,1,2,4,1,10,899.1
25,2,1,5,3,10,1887.3
180,1,1,3,1,10,899.1
198,1,1,1,1,10,899.1
344,3,1,2,4,0,4796.0
161,1,2,5,2,15,1698.3
177,4,3,3,1,10,539.1
285,1,1,4,3,15,2547.45
63,1,2,3,1,0,999.0
150,2,3,2,3,15,1782.45
154,1,3,2,4,10,3596.4
156,1,1,1,2,10,1798.2
49,4,3,1,1,0,599.0
337,1,1,2,2,10,1798.2
84,4,1,5,1,15,509.15
361,1,1,5,3,10,2697.3
177,1,2,4,2,5,1898.1
148,4,1,1,1,15,509.15
118,1,1,4,4,5,3796.2
342,1,1,1,3,5,2847.15
63,2,3,2,2,5,1328.1
189,1,3,5,1,15,849.15
360,4,1,5,2,0,1198.0
49,1,3,2,1,5,949.05
327,4,3,4,3,10,1617.3
257,4,2,4,4,10,2156.4
224,2,1,3,3,5,1992.1499999999999
141,5,2,1,2,15,2548.2999999999997
215,2,3,4,2,15,1188.3
211,5,2,2,1,0,1499.0
318,1,1,4,3,5,2847.15
32,3,2,5,1,0,1199.0
158,2,2,1,3,0,2097.0
285,2,2,3,2,5,1328.1
305,3,1,1,1,15,1019.15
286,4,1,5,1,10,539.1
144,1,3,5,3,0,2997.0
19,1,3,5,4,0,3996.0
18,4,1,5,3,5,1707.1499999999999
257,3,3,2,4,5,4556.2
78,5,1,3,3,0,4497.0
175,4,2,5,2,15,1018.3
194,5,2,5,1,15,1274.1499999999999
113,4,3,4,3,5,1707.1499999999999
114,1,3,3,2,15,1698.3
222,1,1,1,3,0,2997.0
166,4,3,3,1,10,539.1
319,3,1,3,3,5,3417.1499999999996
132,1,2,3,4,0,3996.0
264,2,2,5,1,15,594.15
55,5,2,5,4,5,5696.2
359,2,1,2,2,10,1258.2
131,2,3,1,2,0,1398.0
288,2,1,4,3,0,2097.0
266,1,1,3,4,0,3996.0
366,2,2,1,4,5,2656.2
162,2,2,1,1,10,629.1
87,1,3,2,4,0,3996.0
55,4,1,4,4,10,2156.4
288,2,1,3,1,10,629.1
178,4,3,4,1,10,539.1
349,4,2,2,4,5,2276.2
8,1,1,5,3,15,2547.45
321,3,2,1,1,5,1139.05
313,2,2,3,1,5,664.05
247,4,2,5,4,0,2396.0
323,1,2,2,4,0,3996.0
255,3,3,4,1,0,1199.0
328,3,3,1,4,5,4556.2
54,1,2,3,1,0,999.0
249,1,1,5,3,0,2997.0
239,3,3,5,3,10,3237.3
229,4,2,1,1,0,599.0
67,1,2,4,1,0,999.0
51,3,1,2,2,0,2398.0
97,2,3,4,2,10,1258.2
92,4,2,4,4,0,2396.0
264,1,1,4,4,5,3796.2
291,4,1,1,1,5,569.05
96,1,3,1,1,10,899.1
88,2,1,2,2,5,1328.1
78,1,3,4,2,10,1798.2
288,1,2,1,1,0,999.0
120,2,2,2,3,0,2097.0
302,1,1,2,3,0,2997.0
165,4,1,4,4,0,2396.0
182,1,3,3,1,0,999.0
223,2,1,4,1,0,699.0
311,1,2,3,4,5,3796.2
7,1,1,2,2,10,1798.2
330,1,1,1,2,0,1998.0
263,2,1,5,3,10,1887.3
161,2,2,2,1,0,699.0
151,2,3,1,2,0,1398.0
85,2,1,2,3,5,1992.1499999999999
147,3,1,4,3,0,3597.0
112,1,1,3,3,0,2997.0
36,2,2,2,2,5,1328.1
285,5,1,1,2,15,2548.2999999999997
188,2,3,4,1,10,629.1
82,3,2,5,1,0,1199.0
2,1,2,4,3,10,2697.3
303,4,1,3,3,10,1617.3
197,4,3,4,2,5,1138.1
11,2,1,5,2,10,1258.2
234,5,1,1,1,5,1424.05
195,1,2,2,1,0,999.0
119,1,2,3,4,5,3796.2
20,4,1,5,1,5,569.05
261,4,1,3,2,5,1138.1
293,1,2,4,3,5,2847.15
256,1,1,3,4,15,3396.6
222,1,3,5,1,15,849.15
226,1,2,2,1,15,849.15
53,4,1,2,2,10,1078.2
355,2,2,3,4,15,2376.6
342,1,1,1,1,0,999.0
364,2,2,3,3,0,2097.0
280,1,2,4,2,5,1898.1
81,1,1,2,4,10,3596.4
202,3,2,2,1,5,1139.05
158,5,3,2,1,10,1349.1000000000001
120,4,1,1,4,0,2396.0
59,1,3,1,2,0,1998.0
215,4,1,5,4,10,2156.4
128,4,1,3,4,0,2396.0
224,4,1,3,2,0,1198.0
209,2,1,4,1,0,699.0
115,2,1,2,3,0,2097.0
209,1,1,1,2,10,1798.2
14,1,3,4,3,0,2997.0
9,1,3,4,1,5,949.05
40,1,2,1,4,0,3996.0
237,2,1,3,3,10,1887.3
281,4,1,2,1,0,599.0
359,2,1,3,1,5,664.05
201,1,2,4,4,10,3596.4
246,5,3,2,4,0,5996.0
278,5,1,5,1,15,1274.1499999999999
235,4,1,4,1,5,569.05
4,5,2,3,3,5,4272.15
154,2,1,3,1,0,699.0
29,5,1,3,1,15,1274.1499999999999
109,1,2,1,3,10,2697.3
98,2,2,4,2,0,1398.0
215,1,1,2,3,0,2997.0
293,1,1,3,3,10,2697.3
75,1,3,3,4,10,3596.4
326,3,1,1,3,10,3237.3
146,4,1,2,1,5,569.05
128,3,1,4,1,10,1079.1000000000001
341,1,1,5,1,0,999.0
42,4,1,1,2,0,1198.0
356,3,3,4,1,5,1139.05
41,2,1,5,2,15,1188.3
34,3,1,3,1,0,1199.0
17,1,2,3,3,5,2847.15
165,1,2,2,4,10,3596.4
153,5,3,5,1,5,1424.05
76,1,3,3,2,10,1798.2
87,2,1,3,2,10,1258.2
117,4,2,2,4,0,2396.0
362,4,2,4,1,15,509.15
342,1,3,3,3,10,2697.3
27,1,2,1,1,15,849.15
313,1,3,1,1,10,899.1
287,3,2,4,4,15,4076.6
134,2,1,5,1,0,699.0
219,1,2,2,3,0,2997.0
168,5,3,1,2,15,2548.2999999999997
98,2,3,1,4,0,2796.0
268,1,1,4,3,0,2997.0
237,2,2,5,2,10,1258.2
309,3,1,5,4,10,4316.400000000001
173,1,1,4,4,0,3996.0
190,1,1,1,2,15,1698.3
122,4,1,2,2,10,1078.2
46,2,3,1,3,5,1992.1499999999999
64,2,1,5,1,10,629.1
130,2,3,1,1,5,664.05
310,1,1,2,1,0,999.0
363,1,1,3,1,0,999.0
193,2,1,1,1,5,664.05
307,1,1,4,3,5,2847.15
181,1,1,3,4,10,3596.4
292,4,1,4,3,10,1617.3
282,5,2,4,3,5,4272.15
29,4,1,4,3,10,1617.3
149,4,1,1,4,0,2396.0
267,1,1,5,3,0,2997.0
296,5,3,3,3,15,3822.45
11,1,3,2,4,0,3996.0
164,5,2,5,3,0,4497.0
113,5,1,1,1,10,1349.1000000000001
187,4,1,4,2,5,1138.1
295,5,3,2,3,15,3822.45
232,3,1,3,2,0,2398.0
227,1,1,5,3,0,2997.0
310,2,1,5,3,0,2097.0
98,3,1,2,1,5,1139.05
55,1,1,1,4,0,3996.0
111,3,2,3,2,5,2278.1
152,5,1,2,4,15,5096.599999999999
246,1,2,4,1,15,849.15
69,4,1,3,1,0,599.0
312,5,1,5,2,5,2848.1
289,5,3,2,4,5,5696.2
250,5,1,5,1,15,1274.1499999999999
36,2,3,5,3,15,1782.45
239,5,2,5,3,0,4497.0
148,4,1,1,3,10,1617.3
227,1,3,5,4,0,3996.0
244,2,1,4,3,0,2097.0
337,4,3,4,3,0,1797.0
365,1,1,3,1,5,949.05
201,3,3,5,1,5,1139.05
154,3,1,5,3,0,3597.0
73,1,2,2,3,10,2697.3
201,3,2,1,1,0,1199.0
296,4,3,3,2,5,1138.1
17,2,3,5,4,0,2796.0
129,1,3,2,4,0,3996.0
217,1,3,1,1,5,949.05
61,2,1,3,4,0,2796.0
104,5,1,3,1,5,1424.05
42,1,1,5,1,0,999.0
25,3,1,3,1,5,1139.05
39,1,1,2,1,0,999.0
291,1,2,3,2,10,1798.2
131,4,1,4,3,10,1617.3
229,4,2,2,3,0,1797.0
108,1,1,1,2,5,1898.1
172,2,1,1,4,0,2796.0
102,1,2,5,4,5,3796.2
354,2,2,5,3,0,2097.0
12,3,2,4,4,5,4556.2
275,1,2,1,3,5,2847.15
101,1,1,1,3,15,2547.45
44,2,2,1,2,5,1328.1
305,5,1,1,4,5,5696.2
17,5,1,3,2,5,2848.1
330,1,1,2,3,15,2547.45
57,4,1,2,3,10,1617.3
311,2,1,4,3,0,2097.0
303,2,3,3,1,10,629.1
12,4,3,1,1,5,569.05
318,5,1,1,1,10,1349.1000000000001
80,5,1,5,2,10,2698.2000000000003
216,3,1,5,3,0,3597.0
339,2,1,4,4,10,2516.4
264,4,3,1,2,0,1198.0
149,1,1,4,2,0,1998.0
81,3,2,3,2,0,2398.0
215,2,1,2,4,10,2516.4
198,3,3,1,3,0,3597.0
200,1,1,3,1,0,999.0
25,1,2,1,3,10,2697.3
89,5,1,5,3,0,4497.0
268,1,2,4,2,0,1998.0
143,2,1,5,2,0,1398.0
59,1,1,2,2,0,1998.0
365,1,3,5,1,5,949.05
26,1,3,1,1,0,999.0
47,1,3,5,1,15,849.15
288,4,2,1,3,10,1617.3
266,1,3,2,2,0,1998.0
16,5,1,5,4,0,5996.0
199,3,1,4,3,5,3417.1499999999996
282,2,1,4,1,5,664.05
86,3,2,4,4,0,4796.0
250,2,1,5,4,0,2796.0
270,4,1,5,2,15,1018.3
335,1,2,5,4,0,3996.0
117,2,3,1,1,0,699.0
7,4,1,2,2,15,1018.3
137,5,1,4,4,10,5396.400000000001
176,4,1,1,2,0,1198.0
328,2,1,4,4,10,2516.4
315,4,1,1,3,0,1797.0
215,2,2,5,3,10,1887.3
82,2,2,4,1,5,664.05
223,1,2,5,3,10,2697.3
103,3,1,4,3,15,3057.45
273,1,3,3,3,15,2547.45
14,1,1,1,4,15,3396.6
159,4,2,3,4,5,2276.2
152,1,3,1,2,0,1998.0
108,1,1,2,4,5,3796.2
188,1,1,4,3,10,2697.3
301,5,3,2,4,15,5096.599999999999
98,2,1,2,1,0,699.0
131,2,2,1,2,15,1188.3
293,4,1,3,2,10,1078.2
171,4,2,5,4,15,2036.6
183,1,1,1,3,15,2547.45
364,3,1,5,2,0,2398.0
39,4,2,2,1,0,599.0
15,3,1,5,1,0,1199.0
4,1,1,3,2,0,1998.0
349,4,1,1,3,5,1707.1499999999999
210,2,1,3,3,10,1887.3
161,1,1,3,4,15,3396.6
16,2,1,1,4,5,2656.2
108,1,3,3,2,0,1998.0
311,1,1,4,4,0,3996.0
227,4,2,4,4,0,2396.0
170,1,1,4,4,0,3996.0
34,2,1,5,1,5,664.05
251,2,3,3,4,0,2796.0
247,1,1,1,2,0,1998.0
269,5,3,1,3,0,4497.0
141,1,1,5,4,5,3796.2
274,1,2,1,3,5,2847.15
96,1,2,4,4,5,3796.2
227,1,3,3,2,5,1898.1
39,1,2,1,1,15,849.15
302,4,2,1,2,0,1198.0
29,5,1,2,1,5,1424.05
318,1,1,2,4,10,3596.4
245,3,3,2,4,5,4556.2
236,4,1,3,1,15,509.15
185,4,1,4,2,0,1198.0
272,2,2,4,2,5,1328.1
236,1,1,4,1,0,999.0
239,1,3,3,4,5,3796.2
266,4,2,3,1,0,599.0
359,4,2,2,4,0,2396.0
340,1,3,1,1,5,949.05
65,2,1,5,4,5,2656.2
177,5,1,5,1,0,1499.0
3,4,2,1,3,10,1617.3
142,5,1,2,4,5,5696.2
158,4,2,1,2,0,1198.0
324,2,3,1,1,5,664.05
146,3,1,5,2,10,2158.2000000000003
293,3,1,2,1,5,1139.05
153,1,3,3,2,0,1998.0
193,2,1,5,2,0,1398.0
73,4,2,3,1,5,569.05
305,1,1,2,1,15,849.15
344,4,3,1,2,10,1078.2
140,3,2,4,2,0,2398.0
187,5,2,4,2,5,2848.1
293,1,3,2,4,15,3396.6
61,1,1,4,4,0,3996.0
198,3,1,3,3,15,3057.45
295,1,3,4,4,15,3396.6
319,4,1,2,4,0,2396.0
302,4,2,2,1,15,509.15
344,1,3,3,3,0,2997.0
11,2,2,4,3,10,1887.3
62,2,2,4,4,5,2656.2
333,2,3,1,1,5,664.05
226,5,3,5,1,5,1424.05
153,4,1,2,3,10,1617.3
199,3,1,1,1,0,1199.0
52,4,1,2,2,5,1138.1
260,2,2,1,4,0,2796.0
59,5,2,5,2,0,2998.0
72,3,2,1,3,0,3597.0
148,4,1,2,3,5,1707.1499999999999
349,4,2,4,1,0,599.0
63,1,1,2,1,0,999.0
310,4,2,3,3,0,1797.0
243,1,2,3,3,0,2997.0
366,1,1,3,2,5,1898.1
330,1,1,3,2,15,1698.3
107,5,2,5,1,0,1499.0
226,4,2,4,2,15,1018.3
313,4,1,4,1,10,539.1
218,4,3,2,1,5,569.05
241,3,2,1,4,5,4556.2
259,5,3,2,1,10,1349.1000000000001
262,2,1,2,2,0,1398.0
5,2,2,2,3,5,1992.1499999999999
261,1,3,2,3,10,2697.3
54,4,2,4,2,5,1138.1
47,4,2,1,3,10,1617.3
215,2,1,2,1,0,699.0
177,1,1,4,3,10,2697.3
9,4,1,2,2,5,1138.1
99,1,1,3,3,0,2997.0
20,4,1,2,1,0,599.0
241,5,1,2,1,5,1424.05
61,2,3,5,2,15,1188.3
178,1,1,3,2,5,1898.1
338,4,2,1,2,10,1078.2
62,4,3,2,4,5,2276.2
145,2,2,1,4,0,2796.0
216,5,1,3,1,0,1499.0
3,1,2,2,4,0,3996.0
160,2,2,5,4,0,2796.0
227,4,2,4,3,0,1797.0
269,4,2,5,4,10,2156.4
120,1,3,5,3,10,2697.3
89,4,2,4,2,0,1198.0
329,3,1,4,3,0,3597.0
68,2,2,4,3,0,2097.0
357,1,1,2,2,5,1898.1
98,4,3,1,2,0,1198.0
267,1,1,1,1,0,999.0
105,1,1,4,1,15,849.15
323,1,3,5,1,10,899.1
123,4,2,3,1,0,599.0
29,3,1,4,3,5,3417.1499999999996
137,4,2,5,3,0,1797.0
195,1,3,5,1,10,899.1
226,3,1,2,4,5,4556.2
332,3,3,2,1,0,1199.0
170,4,1,1,4,10,2156.4
9,5,2,1,2,0,2998.0
40,1,3,3,3,0,2997.0
25,3,1,3,3,0,3597.0
261,1,1,3,4,5,3796.2
226,2,1,3,1,0,699.0
124,1,2,5,3,0,2997.0
38,1,2,5,4,0,3996.0
328,2,2,1,2,0,1398.0
251,3,1,2,2,10,2158.2000000000003
176,1,1,2,3,0,2997.0
90,4,1,4,1,0,599.0
37,2,1,5,4,10,2516.4
316,1,2,3,3,10,2697.3
176,4,3,3,2,10,1078.2
284,1,2,4,1,5,949.05
81,2,1,2,4,0,2796.0
114,3,3,3,3,10,3237.3
40,1,2,2,4,10,3596.4
301,1,3,4,1,0,999.0
224,2,2,2,1,15,594.15
318,5,1,2,2,0,2998.0
349,3,1,2,1,15,1019.15
115,3,2,3,3,15,3057.45
186,3,1,1,4,10,4316.400000000001
323,1,1,5,1,15,849.15
56,2,2,2,1,10,629.1
40,4,2,2,3,0,1797.0
354,1,2,2,4,5,3796.2
40,1,1,1,4,0,3996.0
347,1,1,4,2,0,1998.0
237,2,2,3,2,10,1258.2
289,5,3,1,4,0,5996.0
262,1,2,2,3,0,2997.0
216,2,3,1,3,5,1992.1499999999999
147,1,2,1,2,15,1698.3
336,5,2,1,1,0,1499.0
168,1,1,4,3,0,2997.0
92,2,2,5,1,0,699.0
353,4,2,3,3,10,1617.3
59,4,2,4,4,0,2396.0
59,2,2,4,2,10,1258.2
304,1,2,5,1,0,999.0
169,2,1,4,1,0,699.0
269,1,2,1,4,15,3396.6
363,1,1,1,3,0,2997.0
45,2,3,2,1,5,664.05
345,1,1,4,3,0,2997.0
181,1,1,2,4,5,3796.2
170,3,1,3,2,5,2278.1
356,5,2,1,1,0,1499.0
191,3,1,3,3,0,3597.0
155,1,1,5,1,0,999.0
188,1,2,1,3,10,2697.3
7,5,1,3,3,10,4047.3
133,1,3,5,3,5,2847.15
235,1,3,3,4,5,3796.2
45,3,2,5,2,0,2398.0
314,3,1,5,1,0,1199.0
249,3,2,1,2,0,2398.0
31,1,1,2,3,0,2997.0
23,1,2,5,3,0,2997.0
160,5,1,5,2,5,2848.1
363,1,3,1,2,5,1898.1
158,3,1,2,1,15,1019.15
39,4,2,4,3,0,1797.0
82,3,2,4,2,5,2278.1
356,1,2,2,4,10,3596.4
258,1,1,3,3,5,2847.15
206,3,3,1,3,0,3597.0
77,4,2,2,1,0,599.0
12,5,2,4,4,0,5996.0
295,1,1,5,1,0,999.0
224,1,2,4,4,10,3596.4
13,5,1,5,1,0,1499.0
46,4,1,1,4,0,2396.0
155,4,1,5,4,10,2156.4
113,1,3,2,4,10,3596.4
233,3,1,5,2,5,2278.1
17,4,1,3,3,10,1617.3
360,3,2,2,4,0,4796.0
223,2,2,1,2,0,1398.0
354,1,1,2,2,0,1998.0
188,3,2,3,1,5,1139.05
344,1,1,1,3,15,2547.45
365,2,1,4,3,0,2097.0
163,5,1,3,1,5,1424.05
326,2,3,1,3,0,2097.0
74,4,1,5,1,5,569.05
233,1,1,2,2,0,1998.0
224,3,1,1,2,0,2398.0
319,5,3,2,4,10,5396.400000000001
60,1,1,5,1,5,949.05
335,1,1,1,2,5,1898.1
222,2,1,4,2,0,1398.0
37,1,1,3,1,0,999.0
278,4,2,1,2,0,1198.0
196,5,2,5,3,10,4047.3
352,2,1,1,2,15,1188.3
242,1,1,2,1,5,949.05
324,2,1,1,3,0,2097.0
219,4,1,4,3,10,1617.3
192,1,1,1,2,5,1898.1
17,3,2,3,4,5,4556.2
12,3,3,1,3,0,3597.0
193,3,3,2,1,10,1079.1000000000001
22,1,3,1,4,5,3796.2
120,4,2,4,4,10,2156.4
210,1,2,5,3,10,2697.3
306,1,1,1,2,0,1998.0
270,4,2,1,4,10,2156.4
192,4,2,3,2,10,1078.2
175,1,2,4,3,0,2997.0
285,1,2,5,1,0,999.0
204,1,1,2,4,0,3996.0
164,1,1,1,1,5,949.05
251,1,3,5,2,0,1998.0
227,1,1,2,2,5,1898.1
7,2,2,4,1,0,699.0
29,4,3,4,3,15,1527.45
33,3,2,5,3,0,3597.0
134,3,2,2,4,0,4796.0
79,1,1,4,4,5,3796.2
58,5,1,5,3,5,4272.15
26,4,3,4,3,0,1797.0
226,4,2,4,1,0,599.0
285,4,2,4,2,0,1198.0
4,5,1,3,2,10,2698.2000000000003
99,2,1,2,4,10,2516.4
39,1,3,5,3,5,2847.15
271,3,1,5,1,10,1079.1000000000001
285,4,2,2,4,10,2156.4
157,4,1,2,1,0,599.0
75,2,2,2,3,15,1782.45
288,1,3,2,3,10,2697.3
130,2,2,1,3,0,2097.0
175,5,1,5,2,0,2998.0
84,3,2,1,3,0,3597.0
22,2,2,4,4,0,2796.0
27,1,1,4,2,10,1798.2
195,2,3,5,1,5,664.05
337,4,2,4,4,10,2156.4
236,3,3,2,4,10,4316.400000000001
92,4,2,1,1,5,569.05
21,2,1,2,2,10,1258.2
303,3,1,4,4,0,4796.0
357,1,1,1,4,0,3996.0
84,4,3,2,4,5,2276.2
262,2,2,5,2,0,1398.0
147,2,2,2,2,0,1398.0
257,3,1,4,2,15,2038.3
58,5,1,1,4,10,5396.400000000001
15,1,2,5,3,0,2997.0
162,4,2,1,1,10,539.1
163,1,1,5,3,10,2697.3
320,2,2,1,2,0,1398.0
281,1,1,4,4,0,3996.0
280,1,1,5,4,15,3396.6
12,2,2,3,3,0,2097.0
274,1,1,1,3,0,2997.0
271,2,3,1,1,5,664.05
208,5,1,2,4,10,5396.400000000001
27,1,1,5,3,0,2997.0
72,4,1,3,1,0,599.0
60,2,2,4,2,0,1398.0
145,3,1,2,3,15,3057.45
93,1,2,3,2,0,1998.0
309,1,1,5,1,5,949.05
8,1,1,3,2,15,1698.3
79,1,1,1,4,0,3996.0
27,1,3,1,4,15,3396.6
174,3,3,2,2,15,2038.3
50,4,1,5,4,15,2036.6
199,4,2,5,1,0,599.0
349,3,3,3,4,5,4556.2
181,1,1,2,2,10,1798.2
24,1,3,5,2,15,1698.3
316,1,1,1,2,0,1998.0
46,1,3,3,3,10,2697.3
15,2,2,4,2,0,1398.0
153,2,3,1,1,0,699.0
222,2,2,2,4,5,2656.2
206,2,1,5,4,10,2516.4
273,4,3,1,3,5,1707.1499999999999
236,4,1,4,3,5,1707.1499999999999
340,1,1,4,1,15,849.15
228,5,2,2,2,0,2998.0
9,5,2,1,3,5,4272.15
166,1,3,3,4,0,3996.0
319,2,1,1,3,0,2097.0
214,2,2,4,3,10,1887.3
117,5,2,2,2,15,2548.2999999999997
344,4,1,2,3,5,1707.1499999999999
72,1,1,3,1,10,899.1
64,2,1,2,4,0,2796.0
205,3,1,2,2,0,2398.0
209,2,3,2,4,5,2656.2
72,1,2,2,1,0,999.0
277,4,2,2,1,0,599.0
274,3,3,4,3,5,3417.1499999999996
320,4,1,1,3,0,1797.0
338,4,3,5,3,0,1797.0
366,4,1,2,4,5,2276.2
95,2,3,5,1,5,664.05
166,3,1,5,2,15,2038.3
32,1,3,4,3,5,2847.15
11,3,1,2,4,5,4556.2
301,1,1,5,3,15,2547.45
217,3,2,2,1,10,1079.1000000000001
289,1,1,3,2,0,1998.0
102,1,2,3,1,0,999.0
267,1,1,3,4,10,3596.4
214,1,2,5,3,5,2847.15
179,4,1,3,1,10,539.1
88,4,1,4,4,10,2156.4
41,2,1,4,3,5,1992.1499999999999
76,1,2,5,2,15,1698.3
46,1,1,2,1,5,949.05
160,1,1,1,3,0,2997.0
80,1,1,2,3,10,2697.3
310,4,1,2,3,0,1797.0
86,1,2,2,3,10,2697.3
92,2,3,2,1,15,594.15
148,1,1,1,3,10,2697.3
161,1,2,3,4,5,3796.2
202,2,2,2,1,5,664.05
242,3,1,4,3,0,3597.0
353,1,2,5,1,0,999.0
2,1,1,5,4,5,3796.2
225,2,2,4,4,10,2516.4
289,1,1,2,1,10,899.1
233,1,2,1,3,0,2997.0
77,5,2,3,3,5,4272.15
116,3,1,5,4,10,4316.400000000001
154,3,1,3,3,5,3417.1499999999996
103,2,3,1,4,5,2656.2
194,2,1,5,3,10,1887.3
166,2,2,3,4,10,2516.4
359,3,3,1,2,5,2278.1
90,4,2,3,3,15,1527.45
174,1,2,2,3,0,2997.0
122,2,2,1,3,15,1782.45
143,2,3,3,1,0,699.0
106,4,2,2,3,0,1797.0
305,3,2,2,1,15,1019.15
360,2,1,1,1,0,699.0
317,1,3,4,4,10,3596.4
123,3,2,5,1,10,1079.1000000000001
9,1,1,1,1,15,849.15
262,1,3,2,2,15,1698.3
73,1,2,2,3,0,2997.0
359,3,1,1,1,10,1079.1000000000001
223,1,2,4,3,0,2997.0
41,2,1,5,1,5,664.05
204,4,3,3,4,10,2156.4
264,1,1,1,2,0,1998.0
328,2,3,5,1,5,664.05
178,2,2,5,3,5,1992.1499999999999
348,1,1,2,4,5,3796.2
318,4,3,3,3,15,1527.45
84,1,2,1,4,0,3996.0
318,2,1,2,2,5,1328.1
111,3,2,2,4,15,4076.6
251,3,3,4,3,5,3417.1499999999996
7,3,1,5,3,0,3597.0
84,1,1,1,1,5,949.05
208,1,1,1,4,0,3996.0
314,4,1,1,3,0,1797.0
22,2,2,2,1,10,629.1
3,4,2,4,2,5,1138.1
127,4,1,3,3,15,1527.45
297,4,1,2,1,10,539.1
188,2,1,3,3,10,1887.3
362,1,3,4,4,0,3996.0
14,4,1,5,1,5,569.05
12,2,3,1,4,0,2796.0
87,1,2,3,2,15,1698.3
12,4,1,2,4,0,2396.0
25,4,3,3,1,0,599.0
301,2,2,5,3,5,1992.1499999999999
243,1,2,1,1,0,999.0
122,2,3,3,4,0,2796.0
147,4,1,5,4,5,2276.2
55,5,1,2,3,0,4497.0
238,1,2,4,2,0,1998.0
356,1,1,2,1,0,999.0
173,4,1,1,3,10,1617.3
221,2,1,2,3,5,1992.1499999999999
119,2,1,2,3,5,1992.1499999999999
309,5,2,2,1,5,1424.05
183,1,1,2,1,0,999.0
288,3,2,1,1,15,1019.15
307,1,2,5,2,0,1998.0
300,2,1,3,3,10,1887.3
82,4,1,4,4,15,2036.6
211,2,2,3,4,10,2516.4
150,5,1,3,3,0,4497.0
37,3,2,4,4,0,4796.0
352,1,3,1,2,10,1798.2
312,1,1,4,2,0,1998.0
361,2,2,1,1,10,629.1
59,2,2,3,1,10,629.1
131,1,1,1,1,10,899.1
202,2,3,5,1,0,699.0
243,2,3,4,1,10,629.1
35,4,1,5,4,10,2156.4
93,3,2,3,4,10,4316.400000000001
207,4,3,4,1,0,599.0
353,1,3,3,2,0,1998.0
332,1,2,5,4,0,3996.0
305,3,2,3,2,0,2398.0
350,2,1,4,2,5,1328.1
213,1,3,4,3,15,2547.45
159,4,1,3,3,0,1797.0
24,4,2,4,1,10,539.1
293,2,1,4,2,0,1398.0
4,1,1,3,4,0,3996.0
220,4,1,5,3,0,1797.0
364,3,3,4,3,0,3597.0
20,4,1,4,2,15,1018.3
152,4,2,4,3,0,1797.0
50,4,1,4,3,5,1707.1499999999999
177,2,1,3,4,5,2656.2
96,1,1,5,2,15,1698.3
105,3,2,5,3,0,3597.0
250,3,1,1,2,0,2398.0
117,4,1,4,3,0,1797.0
354,1,1,4,4,5,3796.2
228,1,1,1,2,0,1998.0
66,4,3,5,3,15,1527.45
335,4,3,2,4,5,2276.2
262,5,1,2,3,5,4272.15
295,4,2,5,2,5,1138.1
243,3,3,4,3,0,3597.0
186,3,1,2,2,5,2278.1
246,4,3,3,2,15,1018.3
125,3,3,3,3,10,3237.3
268,3,1,1,4,15,4076.6
131,1,1,5,1,10,899.1
237,2,3,5,4,0,2796.0
18,4,2,2,4,0,2396.0
40,1,1,4,3,0,2997.0
21,1,1,5,4,0,3996.0
225,1,1,2,4,0,3996.0
355,1,2,2,1,5,949.05
282,1,2,5,4,10,3596.4
8,2,3,2,1,15,594.15
100,5,1,1,3,10,4047.3
240,2,2,1,1,15,594.15
87,1,2,5,2,0,1998.0
298,1,1,4,2,0,1998.0
14,3,1,1,1,10,1079.1000000000001
334,2,3,1,2,0,1398.0
2,4,3,5,3,0,1797.0
293,3,2,3,2,0,2398.0
325,4,2,2,1,0,599.0
41,1,1,1,3,5,2847.15
318,3,2,3,2,5,2278.1
316,1,2,4,3,5,2847.15
111,5,2,3,1,10,1349.1000000000001
14,3,3,5,2,0,2398.0
231,1,2,4,3,0,2997.0
84,1,1,4,3,0,2997.0
130,1,2,3,2,0,1998.0
231,3,1,5,3,10,3237.3
326,1,1,1,3,10,2697.3
145,3,1,3,1,10,1079.1000000000001
345,1,1,1,1,0,999.0
28,3,2,3,1,5,1139.05
66,4,2,1,1,5,569.05
163,4,2,3,1,5,569.05
229,4,2,4,1,5,569.05
261,1,1,2,2,5,1898.1
164,1,3,4,1,5,949.05
301,3,1,1,3,10,3237.3
303,2,1,5,2,0,1398.0
287,2,2,4,3,10,1887.3
10,1,1,2,1,0,999.0
195,1,1,1,1,0,999.0
118,1,2,4,3,15,2547.45
270,4,2,3,3,15,1527.45
80,1,1,5,3,0,2997.0
93,3,3,1,4,5,4556.2
266,1,2,4,4,0,3996.0
332,3,3,1,4,5,4556.2
350,1,1,3,4,10,3596.4
361,4,2,2,2,15,1018.3
257,4,3,4,1,5,569.05
133,1,2,1,3,0,2997.0
276,5,2,1,1,5,1424.05
264,5,1,1,3,0,4497.0
171,4,1,2,1,15,509.15
1,4,2,1,2,15,1018.3
313,1,1,5,4,5,3796.2
64,3,3,5,1,0,1199.0
284,1,1,1,3,0,2997.0
121,1,3,5,1,0,999.0
107,5,3,4,2,10,2698.2000000000003
175,1,1,5,2,5,1898.1
204,4,1,1,1,0,599.0
